Model,Accuracy,Precision,Recall,F1,ROC-AUC
Logistic Regression,0.6921871940473859,0.2281286452257957,0.6924633282751644,0.3431937829029832,0.7611913262515831
Random Forest,0.8769336205208538,0.41728971962616823,0.1505648288652841,0.22128608598686655,0.7359948265835294
XGBoost (Best),0.8839436068141766,0.5017699115044247,0.09559939301972686,0.16060048151819856,0.7384129515988884
